[
	{	"factor":"Company A",	
		"relevance":"0.89"
	},
    {	"factor":"Company B",	
		"relevance":"0.56"
	},
    {	"factor":"Company C",	
		"relevance":"0.75"
	},
    {	"factor":"Company D",	
		"relevance":"0.34"
	},
    {	"factor":"Company E",	
		"relevance":"0.47"
	},	
    {	"factor":"Company F",	
     	"relevance":"0.45"
	},
      {	"factor":"Company G",	
		"relevance":"0.51"
	},
    {	"factor":"Company H",	
		"relevance":"0.27"
	},
    {	"factor":"Company I",	
		"relevance":"0.00"
	}
]