{
 "name": "1",
 "children": [
  {
   "name": "11",
   "children": [
    {
     "name": "111",
     "children": [
      
      {"name": "1111", "size": 743}
     ]
    },
    {
     "name": "112",
     "children": [
      
      {"name": "1121", "size": 3416}
     ]
    },
	
	
	
	{
     "name": "113",
     "children": [
        
      {"name": "1131", "size": 2046},
		{"name":"1132",
		"children":[
	
		{"name": "11321", "size": 2000}
		]}
     ]
    },
    {
     "name": "113",
     "children": [
      {"name": "1131", "size": 7074}
     ]
    }
   ]
  },
  {
   "name": "12",
   "children": [

    {"name": "121", "size": 5842},
    {
     "name": "122",
     "children": [

      {"name": "1221", "size": 2042}
     ]
    },
   
    {"name": "123", "size": 6006}
   ]
  },
  {
   "name": "13",
   "children": [
    {
     "name": "131",
     "children": [
     
      {"name": "1331", "size": 2220}
     ]
    }
   ]
  }
 ]
}